commission,entryDt,entryID,entryPrice,exitDt,exitID,exitPrice,pnl,slippage,symbol,turnover,volume
31.513,2016-06-07 14:15:00,1,3155.8,2016-06-08 13:45:00,2,3146.8,-131.513,10.0,IF88:CTP,63026.0,10
31.35,2016-06-08 14:15:00,3,3148.8,2016-06-13 13:00:00,4,3121.2,-317.35000000000366,10.0,IF88:CTP,62700.0,10
30.534,2016-06-16 10:15:00,5,3048.4,2016-06-17 11:00:00,6,3058.4,-140.534,10.0,IF88:CTP,61068.0,-10
30.442,2016-06-20 11:15:00,7,3027.0,2016-06-21 09:45:00,8,3061.4,-384.4420000000009,10.0,IF88:CTP,60884.0,-10
30.572,2016-06-21 14:45:00,9,3038.4,2016-06-23 09:30:00,10,3076.0,-416.5719999999991,10.0,IF88:CTP,61144.0,-10
30.57,2016-06-23 14:45:00,11,3063.4,2016-06-27 10:15:00,12,3050.6,87.43000000000183,10.0,IF88:CTP,61140.0,-10
30.79,2016-06-28 11:00:00,13,3054.0,2016-06-29 11:15:00,15,3104.0,-540.79,10.0,IF88:CTP,61580.0,-10
31.024,2016-06-29 11:15:00,16,3104.0,2016-06-29 14:45:00,17,3100.8,-73.02399999999818,10.0,IF88:CTP,62048.0,10
31.103999999999996,2016-07-01 11:00:00,18,3125.2,2016-07-04 09:30:00,19,3095.6,-337.1039999999991,10.0,IF88:CTP,62207.99999999999,10
31.628999999999998,2016-07-04 10:30:00,20,3145.2,2016-07-05 10:45:00,21,3180.6,312.3710000000009,10.0,IF88:CTP,63257.99999999999,10
31.727,2016-07-06 14:15:00,22,3172.8,2016-07-08 09:45:00,23,3172.6,-43.72700000000273,10.0,IF88:CTP,63454.0,10
32.077,2016-07-11 09:45:00,24,3192.4,2016-07-12 10:30:00,25,3223.0,263.9229999999991,10.0,IF88:CTP,64154.0,10
32.781,2016-07-13 10:00:00,26,3284.2,2016-07-13 14:45:00,27,3272.0,-164.7809999999982,10.0,IF88:CTP,65562.0,10
32.393,2016-07-15 10:15:00,28,3242.2,2016-07-18 13:30:00,29,3236.4,-100.39299999999727,10.0,IF88:CTP,64786.0,10
32.178,2016-07-20 10:00:00,30,3217.0,2016-07-21 14:45:00,31,3218.6,-26.178000000000907,10.0,IF88:CTP,64356.0,10
31.766000000000005,2016-07-29 14:15:00,32,3189.8,2016-08-02 09:45:00,33,3163.4,222.2340000000009,10.0,IF88:CTP,63532.00000000001,-10
31.752,2016-08-03 13:15:00,34,3169.4,2016-08-05 09:30:00,35,3181.0,-157.7519999999991,10.0,IF88:CTP,63504.0,-10
32.343999999999994,2016-08-09 10:45:00,36,3226.6,2016-08-09 14:45:00,37,3242.2,113.6559999999991,10.0,IF88:CTP,64687.99999999999,10
32.426,2016-08-11 13:00:00,38,3248.0,2016-08-12 13:00:00,39,3237.2,-150.4260000000018,10.0,IF88:CTP,64852.0,10
33.246,2016-08-12 13:45:00,40,3250.8,2016-08-16 10:00:00,41,3398.4,1432.753999999999,10.0,IF88:CTP,66492.0,10
33.418,2016-08-17 13:45:00,42,3355.6,2016-08-19 10:30:00,43,3328.0,-319.4179999999991,10.0,IF88:CTP,66836.0,10
33.279,2016-08-22 09:45:00,44,3339.2,2016-08-22 14:45:00,45,3316.6,-269.2789999999991,10.0,IF88:CTP,66558.0,10
33.132,2016-08-23 14:15:00,46,3324.0,2016-08-23 14:45:00,47,3302.4,-259.1319999999991,10.0,IF88:CTP,66264.0,10
32.758,2016-08-29 10:00:00,48,3274.6,2016-08-30 11:15:00,49,3277.0,-66.75800000000092,10.0,IF88:CTP,65516.0,-10
33.059,2016-08-31 14:00:00,50,3302.8,2016-09-01 09:30:00,51,3309.0,-105.05899999999818,10.0,IF88:CTP,66118.0,-10
32.971000000000004,2016-09-01 10:00:00,52,3300.6,2016-09-02 13:00:00,53,3293.6,27.028999999999996,10.0,IF88:CTP,65942.0,-10
33.11,2016-09-06 09:30:00,54,3299.0,2016-09-06 14:45:00,56,3323.0,-283.11,10.0,IF88:CTP,66220.0,-10
33.264,2016-09-06 14:45:00,57,3323.0,2016-09-08 09:30:00,58,3329.8,24.736000000001816,10.0,IF88:CTP,66528.0,10
32.906,2016-09-09 10:30:00,59,3322.2,2016-09-12 10:15:00,61,3259.0,-674.9059999999981,10.0,IF88:CTP,65812.0,10
32.536,2016-09-12 10:15:00,62,3259.0,2016-09-13 10:00:00,63,3248.2,65.46400000000182,10.0,IF88:CTP,65072.0,-10
32.1,2016-09-14 11:00:00,64,3207.6,2016-09-19 11:15:00,65,3212.4,-90.10000000000181,10.0,IF88:CTP,64200.0,-10
32.24,2016-09-20 13:00:00,66,3214.0,2016-09-21 13:45:00,67,3234.0,-242.24,10.0,IF88:CTP,64480.0,-10
32.412,2016-09-22 14:30:00,68,3257.6,2016-09-26 13:30:00,69,3224.8,285.5879999999973,10.0,IF88:CTP,64824.0,-10
32.3,2016-09-28 14:30:00,70,3221.8,2016-09-29 14:00:00,72,3238.2,-206.29999999999637,10.0,IF88:CTP,64600.0,-10
32.398,2016-09-29 14:00:00,73,3238.2,2016-09-29 14:15:00,74,3241.4,-10.397999999997275,10.0,IF88:CTP,64796.0,10
32.415,2016-09-29 14:30:00,75,3244.0,2016-09-29 14:45:00,76,3239.0,-92.41499999999999,10.0,IF88:CTP,64830.0,10
32.845,2016-10-10 11:00:00,77,3273.8,2016-10-11 13:00:00,78,3295.2,171.15499999999636,10.0,IF88:CTP,65690.0,10
32.819,2016-10-13 09:30:00,79,3289.2,2016-10-14 13:00:00,80,3274.6,-188.8189999999991,10.0,IF88:CTP,65638.0,10
32.866,2016-10-17 09:30:00,81,3302.0,2016-10-17 14:30:00,82,3271.2,-350.8660000000018,10.0,IF88:CTP,65732.0,10
33.125,2016-10-18 14:00:00,83,3310.2,2016-10-19 14:15:00,84,3314.8,2.875000000003638,10.0,IF88:CTP,66250.0,10
33.175,2016-10-21 09:45:00,85,3291.4,2016-10-25 09:45:00,86,3343.6,478.82499999999817,10.0,IF88:CTP,66350.0,10
33.279,2016-10-26 13:15:00,87,3337.8,2016-10-31 09:30:00,88,3318.0,-241.27900000000182,10.0,IF88:CTP,66558.0,10
33.307,2016-11-01 09:45:00,89,3328.8,2016-11-02 10:30:00,90,3332.6,-5.307000000002731,10.0,IF88:CTP,66614.0,10
33.43,2016-11-03 11:15:00,91,3335.4,2016-11-04 13:00:00,92,3350.6,108.56999999999817,10.0,IF88:CTP,66860.0,10
33.498,2016-11-07 14:00:00,93,3349.6,2016-11-09 10:15:00,94,3350.0,-39.49799999999909,10.0,IF88:CTP,66996.0,10
33.88,2016-11-10 10:15:00,95,3397.4,2016-11-11 10:15:00,96,3378.6,-231.88000000000181,10.0,IF88:CTP,67760.0,10
34.204,2016-11-14 10:00:00,97,3424.2,2016-11-14 14:45:00,98,3416.6,-120.2039999999991,10.0,IF88:CTP,68408.0,10
33.946,2016-11-16 10:30:00,99,3398.4,2016-11-18 14:45:00,100,3390.8,-119.94599999999909,10.0,IF88:CTP,67892.0,10
34.135,2016-11-21 13:30:00,101,3417.4,2016-11-21 14:30:00,102,3409.6,-122.13500000000181,10.0,IF88:CTP,68270.0,10
34.493,2016-11-22 13:30:00,103,3440.8,2016-11-23 14:15:00,104,3457.8,125.507,10.0,IF88:CTP,68986.0,10
34.993,2016-11-24 14:30:00,105,3464.0,2016-11-28 14:45:00,106,3534.6,661.006999999999,10.0,IF88:CTP,69986.0,10
35.568,2016-12-01 10:30:00,107,3568.6,2016-12-02 11:00:00,108,3545.0,-281.5679999999991,10.0,IF88:CTP,71136.0,10
34.666000000000004,2016-12-07 11:15:00,109,3445.2,2016-12-09 13:45:00,110,3488.0,-472.6660000000018,10.0,IF88:CTP,69332.0,-10
34.139,2016-12-12 10:15:00,111,3444.2,2016-12-13 11:00:00,112,3383.6,561.8609999999991,10.0,IF88:CTP,68278.0,-10
33.507,2016-12-14 14:30:00,113,3387.8,2016-12-16 10:15:00,114,3313.6,698.4930000000028,10.0,IF88:CTP,67014.0,-10
33.006,2016-12-19 13:15:00,115,3307.4,2016-12-21 09:45:00,116,3293.8,92.99399999999909,10.0,IF88:CTP,66012.0,-10
32.801,2016-12-22 10:30:00,117,3290.8,2016-12-23 14:45:00,118,3269.4,171.19900000000092,10.0,IF88:CTP,65602.0,-10
32.83,2016-12-27 14:45:00,119,3294.0,2016-12-29 10:45:00,120,3272.0,177.17000000000002,10.0,IF88:CTP,65660.0,-10
33.162,2016-12-30 13:45:00,121,3294.4,2017-01-03 10:45:00,123,3338.0,-479.16199999999907,10.0,IF88:CTP,66324.0,-10
33.293,2017-01-03 10:45:00,124,3338.0,2017-01-04 09:30:00,125,3320.6,-217.29300000000092,10.0,IF88:CTP,66586.0,10
33.537,2017-01-05 10:00:00,126,3356.4,2017-01-05 13:15:00,127,3351.0,-97.53700000000092,10.0,IF88:CTP,67074.0,10
33.482,2017-01-09 09:45:00,128,3344.4,2017-01-10 11:15:00,129,3352.0,32.51799999999909,10.0,IF88:CTP,66964.0,10
33.145,2017-01-12 11:00:00,130,3333.0,2017-01-16 10:30:00,132,3296.0,-413.145,10.0,IF88:CTP,66290.0,10
33.0,2017-01-16 10:30:00,133,3296.0,2017-01-17 10:00:00,134,3304.0,-123.0,10.0,IF88:CTP,66000.0,-10
33.508,2017-01-20 10:45:00,135,3345.0,2017-01-23 13:45:00,136,3356.6,72.49199999999908,10.0,IF88:CTP,67016.0,10
33.67,2017-01-24 14:45:00,137,3351.8,2017-01-26 14:15:00,138,3382.2,260.32999999999635,10.0,IF88:CTP,67340.0,10
33.511,2017-02-06 10:15:00,139,3357.2,2017-02-07 13:15:00,140,3345.0,-165.51099999999818,10.0,IF88:CTP,67022.0,10
33.651,2017-02-08 13:30:00,141,3350.6,2017-02-09 14:30:00,142,3379.6,246.349,10.0,IF88:CTP,67302.0,10
34.085,2017-02-13 10:15:00,143,3413.6,2017-02-14 10:00:00,144,3403.4,-146.0849999999982,10.0,IF88:CTP,68170.0,10
34.051,2017-02-15 10:00:00,145,3414.2,2017-02-16 10:45:00,146,3396.0,-226.05099999999817,10.0,IF88:CTP,68102.0,10
34.129,2017-02-17 09:30:00,147,3420.0,2017-02-17 14:15:00,148,3405.8,-186.12899999999817,10.0,IF88:CTP,68258.0,10
34.5,2017-02-20 13:00:00,149,3441.8,2017-02-21 13:45:00,150,3458.2,119.49999999999636,10.0,IF88:CTP,69000.0,10
34.556,2017-02-23 09:45:00,151,3467.2,2017-02-24 11:00:00,152,3444.0,-276.55599999999816,10.0,IF88:CTP,69112.0,10
34.359,2017-02-24 13:30:00,153,3442.6,2017-02-27 14:15:00,154,3429.2,-178.35900000000092,10.0,IF88:CTP,68718.0,10
34.274,2017-03-07 10:15:00,155,3422.8,2017-03-08 13:30:00,156,3432.0,-136.27399999999818,10.0,IF88:CTP,68548.0,-10
34.077,2017-03-09 10:15:00,157,3406.2,2017-03-10 10:00:00,158,3409.2,-74.077,10.0,IF88:CTP,68154.0,-10
34.523,2017-03-15 14:15:00,159,3450.2,2017-03-16 14:45:00,160,3454.4,-2.5229999999972748,10.0,IF88:CTP,69046.0,10
34.314,2017-03-22 10:45:00,161,3419.0,2017-03-23 10:45:00,163,3443.8,-292.31400000000184,10.0,IF88:CTP,68628.0,-10
34.456,2017-03-23 10:45:00,164,3443.8,2017-03-24 10:15:00,165,3447.4,-8.456000000000913,10.0,IF88:CTP,68912.0,10
34.616,2017-03-24 11:15:00,166,3448.4,2017-03-27 13:30:00,167,3474.8,219.38400000000092,10.0,IF88:CTP,69232.0,10
34.49,2017-03-29 09:30:00,168,3463.2,2017-03-30 11:00:00,170,3434.8,-328.48999999999637,10.0,IF88:CTP,68980.0,10
34.369,2017-03-30 11:00:00,171,3434.8,2017-03-31 11:00:00,172,3439.0,-86.36899999999818,10.0,IF88:CTP,68738.0,-10
35.037,2017-04-07 11:15:00,173,3499.2,2017-04-10 14:00:00,174,3508.2,44.963,10.0,IF88:CTP,70074.0,10
35.057,2017-04-12 10:00:00,175,3505.4,2017-04-13 10:45:00,176,3506.0,-39.05700000000091,10.0,IF88:CTP,70114.0,10
34.457,2017-04-19 09:45:00,177,3456.4,2017-04-20 10:30:00,178,3435.0,169.54300000000092,10.0,IF88:CTP,68914.0,-10
34.276,2017-04-21 13:45:00,179,3440.2,2017-04-25 09:45:00,180,3415.0,207.72399999999817,10.0,IF88:CTP,68552.0,-10
34.309,2017-04-26 11:15:00,181,3435.8,2017-04-28 09:30:00,182,3426.0,53.69100000000182,10.0,IF88:CTP,68618.0,-10
34.083,2017-05-02 10:45:00,183,3416.4,2017-05-03 11:15:00,184,3400.2,117.91700000000273,10.0,IF88:CTP,68166.0,-10
33.981,2017-05-03 14:30:00,185,3393.4,2017-05-04 13:15:00,186,3402.8,-137.9810000000009,10.0,IF88:CTP,67962.0,-10
33.615,2017-05-05 10:45:00,187,3364.2,2017-05-08 10:15:00,188,3358.8,10.38499999999636,10.0,IF88:CTP,67230.0,-10
33.433,2017-05-10 14:30:00,189,3339.0,2017-05-12 09:45:00,190,3347.6,-129.43299999999908,10.0,IF88:CTP,66866.0,-10
34.092,2017-05-16 14:30:00,191,3423.0,2017-05-17 14:00:00,192,3395.4,-320.0919999999991,10.0,IF88:CTP,68184.0,10
33.925,2017-05-23 13:00:00,193,3402.0,2017-05-24 09:45:00,194,3383.0,-233.925,10.0,IF88:CTP,67850.0,10
34.475,2017-05-25 09:45:00,195,3415.2,2017-05-26 13:00:00,196,3479.8,601.5250000000036,10.0,IF88:CTP,68950.0,10
34.771,2017-06-01 10:00:00,197,3477.4,2017-06-02 13:00:00,198,3476.8,-50.77099999999909,10.0,IF88:CTP,69542.0,10
34.947,2017-06-05 14:45:00,199,3458.4,2017-06-08 09:30:00,200,3531.0,681.0529999999991,10.0,IF88:CTP,69894.0,10
35.783,2017-06-09 11:00:00,201,3585.8,2017-06-12 09:30:00,202,3570.8,-195.78300000000002,10.0,IF88:CTP,71566.0,10
35.616,2017-06-13 13:00:00,203,3580.8,2017-06-14 13:15:00,204,3542.4,-429.6160000000009,10.0,IF88:CTP,71232.0,10
35.143,2017-06-15 13:30:00,205,3531.8,2017-06-16 13:45:00,207,3496.8,-395.14300000000003,10.0,IF88:CTP,70286.0,10
35.089,2017-06-16 13:45:00,208,3496.8,2017-06-19 10:30:00,210,3521.0,-287.0889999999982,10.0,IF88:CTP,70178.0,-10
35.213,2017-06-19 10:30:00,211,3521.0,2017-06-20 10:45:00,213,3521.6,-39.21300000000091,10.0,IF88:CTP,70426.0,10
35.228,2017-06-20 10:45:00,214,3521.6,2017-06-21 13:30:00,215,3524.0,-69.22800000000092,10.0,IF88:CTP,70456.0,-10
36.334,2017-06-26 10:15:00,216,3633.2,2017-06-27 10:30:00,217,3633.6,-42.333999999999094,10.0,IF88:CTP,72668.0,10
36.389,2017-06-28 13:15:00,218,3641.2,2017-06-30 13:30:00,219,3636.6,-92.3889999999991,10.0,IF88:CTP,72778.0,10
36.157000000000004,2017-07-04 09:30:00,220,3627.0,2017-07-04 10:45:00,221,3604.4,-272.1569999999991,10.0,IF88:CTP,72314.0,10
36.026,2017-07-04 14:45:00,222,3592.4,2017-07-06 13:15:00,223,3612.8,157.9740000000009,10.0,IF88:CTP,72052.0,10
36.31,2017-07-10 09:30:00,224,3622.0,2017-07-11 10:00:00,225,3640.0,133.69,10.0,IF88:CTP,72620.0,10
36.671,2017-07-11 13:45:00,226,3677.2,2017-07-12 11:00:00,227,3657.0,-248.67099999999817,10.0,IF88:CTP,73342.0,10
36.797000000000004,2017-07-13 13:15:00,228,3673.4,2017-07-14 14:15:00,229,3686.0,79.2029999999991,10.0,IF88:CTP,73594.0,10
36.931,2017-07-18 14:45:00,230,3653.6,2017-07-20 11:15:00,231,3732.6,743.069,10.0,IF88:CTP,73862.0,10
37.253,2017-07-24 10:15:00,232,3733.8,2017-07-25 13:00:00,233,3716.8,-217.253,10.0,IF88:CTP,74506.0,10
37.37,2017-08-01 09:45:00,234,3737.8,2017-08-01 14:15:00,235,3736.2,-63.370000000003635,10.0,IF88:CTP,74740.0,10
37.595,2017-08-02 13:30:00,236,3762.6,2017-08-02 14:00:00,237,3756.4,-109.59499999999818,10.0,IF88:CTP,75190.0,10
37.152,2017-08-04 11:15:00,238,3717.4,2017-08-08 14:30:00,240,3713.0,-91.15200000000091,10.0,IF88:CTP,74304.0,10
37.196,2017-08-08 14:30:00,241,3713.0,2017-08-10 10:30:00,243,3726.2,-179.19599999999818,10.0,IF88:CTP,74392.0,-10
37.206,2017-08-10 10:30:00,244,3726.2,2017-08-10 11:00:00,246,3715.0,-159.2059999999982,10.0,IF88:CTP,74412.0,10
36.871,2017-08-10 11:00:00,247,3715.0,2017-08-14 10:00:00,248,3659.2,511.12900000000184,10.0,IF88:CTP,73742.0,-10
36.929,2017-08-15 13:45:00,249,3690.6,2017-08-17 09:45:00,250,3695.2,-92.92899999999909,10.0,IF88:CTP,73858.0,-10
37.027,2017-08-18 11:00:00,251,3685.0,2017-08-21 10:30:00,253,3720.4,-401.0270000000009,10.0,IF88:CTP,74054.0,-10
37.208,2017-08-21 10:30:00,254,3720.4,2017-08-21 14:30:00,255,3721.2,-39.20800000000273,10.0,IF88:CTP,74416.0,10
37.366,2017-08-23 10:00:00,256,3740.0,2017-08-24 10:45:00,257,3733.2,-115.36600000000182,10.0,IF88:CTP,74732.0,10
37.984,2017-08-25 10:45:00,258,3751.2,2017-08-28 14:15:00,259,3845.6,896.0160000000009,10.0,IF88:CTP,75968.0,10
38.323,2017-08-30 10:30:00,260,3847.4,2017-08-31 13:15:00,261,3817.2,-350.3230000000027,10.0,IF88:CTP,76646.0,10
38.376,2017-09-01 10:00:00,262,3841.0,2017-09-04 10:30:00,263,3834.2,-116.37600000000182,10.0,IF88:CTP,76752.0,10
38.428,2017-09-05 11:00:00,264,3847.6,2017-09-06 10:15:00,265,3838.0,-144.4279999999991,10.0,IF88:CTP,76856.0,10
38.491,2017-09-07 10:00:00,266,3862.6,2017-09-08 09:30:00,267,3835.6,-318.491,10.0,IF88:CTP,76982.0,10
38.225,2017-09-08 14:00:00,268,3829.4,2017-09-08 14:15:00,269,3815.6,-186.2250000000018,10.0,IF88:CTP,76450.0,10
38.394,2017-09-12 10:00:00,270,3832.0,2017-09-12 13:45:00,272,3846.8,-196.39400000000182,10.0,IF88:CTP,76788.0,-10
38.44,2017-09-12 13:45:00,273,3846.8,2017-09-12 14:00:00,274,3841.2,-104.44000000000364,10.0,IF88:CTP,76880.0,10
38.410000000000004,2017-09-13 09:30:00,275,3846.0,2017-09-13 11:00:00,277,3836.0,-148.41,10.0,IF88:CTP,76820.0,10
38.414,2017-09-13 11:00:00,278,3836.0,2017-09-14 09:45:00,280,3846.8,-156.4140000000018,10.0,IF88:CTP,76828.0,-10
38.448,2017-09-14 09:45:00,281,3846.8,2017-09-14 11:00:00,282,3842.8,-88.44800000000001,10.0,IF88:CTP,76896.0,10
38.456,2017-09-20 13:00:00,283,3851.0,2017-09-21 14:15:00,285,3840.2,-156.45600000000184,10.0,IF88:CTP,76912.0,10
38.301,2017-09-21 14:15:00,286,3840.2,2017-09-25 09:45:00,287,3820.0,153.6989999999982,10.0,IF88:CTP,76602.0,-10
38.152,2017-09-26 11:15:00,288,3817.6,2017-09-26 14:00:00,289,3812.8,-0.1520000000027295,10.0,IF88:CTP,76304.0,-10
38.331,2017-09-28 10:00:00,290,3814.2,2017-09-29 10:00:00,292,3852.0,-426.33100000000184,10.0,IF88:CTP,76662.0,-10
38.81,2017-09-29 10:00:00,293,3852.0,2017-10-09 09:30:00,294,3910.0,531.19,10.0,IF88:CTP,77620.0,10
38.995,2017-10-09 09:45:00,295,3912.0,2017-10-09 14:30:00,296,3887.0,-298.995,10.0,IF88:CTP,77990.0,10
39.016,2017-10-11 10:15:00,297,3893.4,2017-10-12 13:00:00,298,3909.8,114.98400000000092,10.0,IF88:CTP,78032.0,10
39.239000000000004,2017-10-13 13:00:00,299,3927.0,2017-10-16 13:30:00,300,3920.8,-111.23899999999819,10.0,IF88:CTP,78478.0,10
39.236000000000004,2017-10-17 14:30:00,301,3917.4,2017-10-19 13:00:00,302,3929.8,74.7640000000009,10.0,IF88:CTP,78472.0,10
39.257,2017-10-23 09:30:00,303,3919.0,2017-10-24 14:30:00,304,3932.4,84.7430000000009,10.0,IF88:CTP,78514.0,10
39.953,2017-10-26 11:00:00,305,3994.4,2017-10-27 09:30:00,306,3996.2,-31.95300000000273,10.0,IF88:CTP,79906.0,10
39.888,2017-10-31 09:30:00,307,3979.2,2017-11-01 14:15:00,308,3998.4,142.11200000000272,10.0,IF88:CTP,79776.0,10
39.781,2017-11-03 09:45:00,309,3988.6,2017-11-06 09:45:00,310,3967.6,-259.781,10.0,IF88:CTP,79562.0,10
40.129,2017-11-06 13:30:00,311,3984.0,2017-11-07 14:30:00,312,4041.8,527.8710000000018,10.0,IF88:CTP,80258.0,10
40.924,2017-11-09 14:30:00,313,4054.6,2017-11-13 13:00:00,314,4130.2,705.0759999999991,10.0,IF88:CTP,81848.0,10
40.917,2017-11-15 10:30:00,315,4081.2,2017-11-17 13:00:00,316,4102.2,159.083,10.0,IF88:CTP,81834.0,10
41.935,2017-11-21 09:30:00,317,4142.0,2017-11-22 10:00:00,318,4245.0,978.065,10.0,IF88:CTP,83870.0,10
40.257,2017-11-28 11:00:00,319,4032.8,2017-11-29 10:30:00,320,4018.6,91.74300000000272,10.0,IF88:CTP,80514.0,-10
40.159,2017-11-29 11:00:00,321,3990.4,2017-11-30 10:15:00,322,4041.4,-560.159,10.0,IF88:CTP,80318.0,-10
39.997,2017-11-30 13:45:00,323,4009.4,2017-12-01 14:15:00,324,3990.0,144.0030000000009,10.0,IF88:CTP,79994.0,-10
39.794000000000004,2017-12-04 09:30:00,325,3975.0,2017-12-04 09:45:00,326,3983.8,-137.79400000000183,10.0,IF88:CTP,79588.0,-10
39.959,2017-12-05 11:00:00,327,4011.6,2017-12-07 10:45:00,328,3980.2,264.0410000000009,10.0,IF88:CTP,79918.0,-10
40.252,2017-12-13 14:00:00,329,4041.6,2017-12-15 09:45:00,330,4008.8,-378.2519999999973,10.0,IF88:CTP,80504.0,10
40.856,2017-12-21 13:15:00,331,4087.4,2017-12-22 13:00:00,332,4083.8,-86.85599999999909,10.0,IF88:CTP,81712.0,10
40.538000000000004,2017-12-26 10:00:00,333,4072.2,2017-12-27 13:45:00,334,4035.4,-418.5379999999973,10.0,IF88:CTP,81076.0,10
40.381,2017-12-28 13:45:00,335,4037.8,2017-12-29 14:30:00,336,4038.4,-44.38100000000091,10.0,IF88:CTP,80762.0,10
41.093,2018-01-02 11:15:00,337,4093.6,2018-01-03 10:15:00,338,4125.0,262.9070000000009,10.0,IF88:CTP,82186.0,10
41.48700000000001,2018-01-03 10:45:00,339,4149.8,2018-01-03 11:00:00,340,4147.6,-73.48699999999819,10.0,IF88:CTP,82974.00000000001,10
41.532999999999994,2018-01-05 09:45:00,341,4138.2,2018-01-09 10:00:00,342,4168.4,250.46699999999817,10.0,IF88:CTP,83065.99999999999,10
41.961,2018-01-10 13:00:00,343,4207.0,2018-01-10 13:30:00,344,4185.2,-269.96100000000183,10.0,IF88:CTP,83922.0,10
42.22200000000001,2018-01-12 09:45:00,345,4211.8,2018-01-15 14:45:00,346,4232.6,155.7780000000018,10.0,IF88:CTP,84444.00000000001,10
42.619,2018-01-17 09:30:00,347,4273.2,2018-01-17 14:45:00,348,4250.6,-278.61899999999457,10.0,IF88:CTP,85238.0,10
42.792,2018-01-18 10:45:00,349,4279.0,2018-01-18 14:30:00,350,4279.4,-48.79200000000364,10.0,IF88:CTP,85584.0,10
43.05799999999999,2018-01-19 10:00:00,351,4303.4,2018-01-22 09:45:00,352,4308.2,-5.057999999998174,10.0,IF88:CTP,86115.99999999999,10
43.879,2018-01-23 09:45:00,353,4370.8,2018-01-24 09:30:00,354,4405.0,288.12099999999816,10.0,IF88:CTP,87758.0,10
43.747,2018-01-25 14:30:00,355,4393.4,2018-01-29 11:15:00,356,4356.0,-427.7469999999964,10.0,IF88:CTP,87494.0,10
42.432,2018-02-01 11:15:00,357,4240.4,2018-02-02 13:15:00,358,4246.0,-108.43200000000364,10.0,IF88:CTP,84864.0,-10
42.185,2018-02-05 13:15:00,359,4249.2,2018-02-07 10:00:00,360,4187.8,561.8149999999964,10.0,IF88:CTP,84370.0,-10
40.121,2018-02-08 09:30:00,361,4018.8,2018-02-08 14:00:00,362,4005.4,83.8790000000009,10.0,IF88:CTP,80242.0,-10
38.554,2018-02-09 10:00:00,363,3870.0,2018-02-12 09:45:00,364,3840.8,243.44599999999818,10.0,IF88:CTP,77108.0,-10
39.666000000000004,2018-02-13 13:30:00,365,3929.4,2018-02-22 09:45:00,366,4003.8,-793.666000000001,10.0,IF88:CTP,79332.0,-10
40.703,2018-02-23 10:30:00,367,4056.6,2018-02-26 13:00:00,369,4084.0,-324.7030000000009,10.0,IF88:CTP,81406.0,-10
40.756,2018-02-26 13:00:00,370,4084.0,2018-02-27 13:00:00,371,4067.2,-218.75600000000182,10.0,IF88:CTP,81512.0,10
40.275,2018-02-28 14:00:00,372,4042.8,2018-03-02 10:15:00,373,4012.2,-356.2750000000036,10.0,IF88:CTP,80550.0,10
40.17,2018-03-05 13:30:00,374,3991.2,2018-03-07 13:30:00,375,4042.8,465.8300000000036,10.0,IF88:CTP,80340.0,10
40.979,2018-03-08 14:15:00,376,4060.8,2018-03-12 10:45:00,377,4135.0,691.0209999999981,10.0,IF88:CTP,81958.0,10
40.761,2018-03-14 13:15:00,378,4068.2,2018-03-16 10:15:00,379,4084.0,107.23900000000182,10.0,IF88:CTP,81522.0,10
39.313,2018-03-21 14:30:00,380,4045.0,2018-03-23 14:45:00,381,3817.6,2224.687000000001,10.0,IF88:CTP,78626.0,-10
38.516,2018-03-27 14:00:00,382,3876.4,2018-03-29 11:00:00,383,3826.8,447.48399999999907,10.0,IF88:CTP,77032.0,-10
38.625,2018-03-30 14:15:00,384,3892.0,2018-04-03 14:15:00,385,3833.0,541.375,10.0,IF88:CTP,77250.0,-10
38.605000000000004,2018-04-09 10:00:00,386,3847.8,2018-04-10 10:45:00,387,3873.2,-302.6049999999964,10.0,IF88:CTP,77210.0,-10
38.47,2018-04-13 10:45:00,388,3897.0,2018-04-16 11:15:00,390,3797.0,-1048.47,10.0,IF88:CTP,76940.0,10
38.028,2018-04-16 11:15:00,391,3797.0,2018-04-17 10:15:00,392,3808.6,-164.02799999999908,10.0,IF88:CTP,76056.0,-10
37.405,2018-04-18 10:45:00,393,3714.2,2018-04-18 14:45:00,394,3766.8,-573.4050000000036,10.0,IF88:CTP,74810.0,-10
37.692,2018-04-20 09:45:00,395,3778.0,2018-04-23 11:00:00,396,3760.4,128.30799999999908,10.0,IF88:CTP,75384.0,-10
37.584,2018-05-02 14:15:00,397,3732.8,2018-05-03 14:45:00,399,3784.0,-559.5839999999982,10.0,IF88:CTP,75168.0,-10
37.861000000000004,2018-05-03 14:45:00,400,3784.0,2018-05-04 13:45:00,401,3788.2,-5.861000000001823,10.0,IF88:CTP,75722.0,10
38.517,2018-05-07 13:45:00,402,3827.0,2018-05-08 14:30:00,403,3876.4,445.4830000000009,10.0,IF88:CTP,77034.0,10
38.865,2018-05-10 10:30:00,404,3885.8,2018-05-11 14:00:00,405,3887.2,-34.86500000000364,10.0,IF88:CTP,77730.0,10
39.117,2018-05-14 13:00:00,406,3916.0,2018-05-15 09:45:00,407,3907.4,-135.11699999999908,10.0,IF88:CTP,78234.0,10
38.953,2018-05-16 11:15:00,408,3894.6,2018-05-16 14:00:00,409,3896.0,-34.95299999999909,10.0,IF88:CTP,77906.0,10
38.75,2018-05-16 14:15:00,410,3887.2,2018-05-17 11:00:00,411,3862.8,-292.74999999999636,10.0,IF88:CTP,77500.0,10
38.443,2018-05-17 14:30:00,412,3843.8,2018-05-17 14:45:00,413,3844.8,-38.443,10.0,IF88:CTP,76886.0,10
38.121,2018-05-25 10:45:00,414,3809.0,2018-05-25 13:00:00,415,3815.2,-110.12099999999819,10.0,IF88:CTP,76242.0,-10
37.617,2018-05-29 10:30:00,416,3807.6,2018-05-30 14:45:00,417,3715.8,870.3829999999973,10.0,IF88:CTP,75234.0,-10
37.68,2018-06-01 11:15:00,418,3753.0,2018-06-04 13:15:00,419,3783.0,-347.68,10.0,IF88:CTP,75360.0,-10
38.237,2018-06-07 11:00:00,420,3835.2,2018-06-07 14:45:00,421,3812.2,-278.237,10.0,IF88:CTP,76474.0,10
37.214,2018-06-15 13:45:00,422,3724.4,2018-06-15 14:30:00,423,3718.4,12.786000000000001,10.0,IF88:CTP,74428.0,-10
36.184,2018-06-19 10:00:00,424,3666.0,2018-06-20 10:30:00,425,3570.8,905.8159999999982,10.0,IF88:CTP,72368.0,-10
35.771,2018-06-21 14:00:00,426,3578.0,2018-06-22 14:45:00,427,3576.2,-27.770999999998182,10.0,IF88:CTP,71542.0,-10
34.985,2018-06-25 14:45:00,428,3523.0,2018-06-26 14:45:00,429,3474.0,445.015,10.0,IF88:CTP,69970.0,-10
34.115,2018-06-27 14:45:00,430,3405.0,2018-06-28 13:30:00,431,3418.0,-174.115,10.0,IF88:CTP,68230.0,-10
34.009,2018-07-02 10:45:00,432,3426.8,2018-07-03 13:45:00,433,3375.0,473.9910000000018,10.0,IF88:CTP,68018.0,-10
33.385,2018-07-05 09:45:00,434,3357.0,2018-07-06 13:00:00,435,3320.0,326.615,10.0,IF88:CTP,66770.0,-10
34.2028,2018-07-16 14:30:00,436,3450.8,2018-07-19 09:30:00,437,3389.76,-654.6027999999997,10.0,IF88:CTP,68405.6,10
35.242,2018-07-26 10:15:00,438,3553.0,2018-07-30 14:00:00,439,3495.4,-621.241999999999,10.0,IF88:CTP,70484.0,10
34.916000000000004,2018-07-31 13:30:00,440,3499.6,2018-08-01 13:30:00,442,3483.6,-204.916,10.0,IF88:CTP,69832.0,10
34.168,2018-08-01 13:30:00,443,3483.6,2018-08-03 09:30:00,444,3350.0,1291.8319999999992,10.0,IF88:CTP,68336.0,-10
33.082,2018-08-06 11:15:00,445,3294.2,2018-08-07 13:00:00,446,3322.2,-323.082,10.0,IF88:CTP,66164.0,-10
33.641,2018-08-08 13:15:00,447,3327.2,2018-08-09 13:15:00,448,3401.0,-781.6410000000018,10.0,IF88:CTP,67282.0,-10
33.875,2018-08-10 13:00:00,449,3387.2,2018-08-13 14:30:00,450,3387.8,-49.87500000000364,10.0,IF88:CTP,67750.0,-10
32.929,2018-08-15 10:00:00,451,3315.8,2018-08-16 10:45:00,452,3270.0,415.07100000000185,10.0,IF88:CTP,65858.0,-10
32.248999999999995,2018-08-17 13:30:00,453,3232.2,2018-08-20 14:00:00,454,3217.6,103.7509999999991,10.0,IF88:CTP,64497.99999999999,-10
32.784,2018-08-22 09:45:00,455,3287.2,2018-08-23 13:00:00,456,3269.6,133.2159999999991,10.0,IF88:CTP,65568.0,-10
33.624,2018-08-24 14:15:00,457,3325.0,2018-08-28 10:30:00,458,3399.8,704.3760000000018,10.0,IF88:CTP,67248.0,10
33.447,2018-08-29 14:15:00,459,3374.4,2018-08-31 09:45:00,460,3315.0,-637.4470000000009,10.0,IF88:CTP,66894.0,10
33.119,2018-08-31 13:30:00,461,3343.0,2018-09-03 13:15:00,463,3280.8,-665.1189999999982,10.0,IF88:CTP,66238.0,10
32.965,2018-09-03 13:15:00,464,3280.8,2018-09-03 14:45:00,465,3312.2,-356.9649999999964,10.0,IF88:CTP,65930.0,-10
32.267,2018-09-10 10:00:00,466,3234.0,2018-09-11 10:30:00,467,3219.4,103.7329999999991,10.0,IF88:CTP,64534.0,-10
32.166000000000004,2018-09-12 10:45:00,468,3202.0,2018-09-13 09:45:00,469,3231.2,-334.1659999999982,10.0,IF88:CTP,64332.0,-10
32.343,2018-09-14 14:00:00,470,3242.6,2018-09-18 10:15:00,471,3226.0,123.65699999999907,10.0,IF88:CTP,64686.0,-10
33.774,2018-09-21 13:00:00,472,3374.8,2018-09-25 13:30:00,473,3380.0,8.22599999999818,10.0,IF88:CTP,67548.0,10
34.303,2018-09-26 13:30:00,474,3450.4,2018-09-27 11:00:00,475,3410.2,-446.3030000000027,10.0,IF88:CTP,68606.0,10
33.947,2018-09-28 10:45:00,476,3447.8,2018-10-08 10:05:00,477,3341.6,-1105.9470000000028,10.0,IF88:CTP,67894.0,10
32.008,2018-10-10 14:15:00,478,3285.6,2018-10-12 10:45:00,479,3116.0,1653.991999999999,10.0,IF88:CTP,64016.0,-10
31.365000000000002,2018-10-15 13:45:00,480,3147.0,2018-10-17 10:00:00,481,3126.0,168.635,10.0,IF88:CTP,62730.0,-10
30.787,2018-10-18 10:45:00,482,3084.8,2018-10-19 11:15:00,483,3072.6,81.21300000000272,10.0,IF88:CTP,61574.0,-10
31.833000000000002,2018-10-24 13:00:00,484,3250.4,2018-10-25 09:35:00,485,3116.2,-1383.8330000000028,10.0,IF88:CTP,63666.0,10
31.173000000000002,2018-10-26 14:30:00,486,3147.2,2018-10-30 10:30:00,487,3087.4,556.8269999999973,10.0,IF88:CTP,62346.0,-10
32.62,2018-11-02 13:30:00,488,3273.0,2018-11-05 11:15:00,489,3251.0,-262.62,10.0,IF88:CTP,65240.0,10
32.324,2018-11-06 14:15:00,490,3234.2,2018-11-08 10:00:00,491,3230.6,-78.32399999999909,10.0,IF88:CTP,64647.99999999999,10
32.076,2018-11-13 11:15:00,492,3187.2,2018-11-14 09:45:00,494,3228.0,-450.07600000000184,10.0,IF88:CTP,64152.0,-10
32.251,2018-11-14 09:45:00,495,3228.0,2018-11-14 10:30:00,496,3222.2,-100.25100000000182,10.0,IF88:CTP,64502.0,10
32.541000000000004,2018-11-15 13:30:00,497,3236.8,2018-11-19 09:45:00,498,3271.4,303.4589999999991,10.0,IF88:CTP,65082.00000000001,10
31.725,2018-11-22 13:45:00,499,3200.4,2018-11-26 10:45:00,500,3144.6,516.2750000000018,10.0,IF88:CTP,63450.0,-10
31.427,2018-11-27 14:30:00,501,3115.8,2018-11-28 13:15:00,502,3169.6,-579.4269999999973,10.0,IF88:CTP,62854.0,-10
31.651,2018-11-29 11:00:00,503,3177.2,2018-11-30 14:00:00,504,3153.0,200.34899999999817,10.0,IF88:CTP,63302.0,-10
32.284,2018-12-05 11:15:00,505,3265.2,2018-12-06 11:15:00,506,3191.6,-778.2839999999991,10.0,IF88:CTP,64567.99999999999,10
31.493000000000002,2018-12-10 11:15:00,507,3143.2,2018-12-11 10:45:00,508,3155.4,-163.49300000000272,10.0,IF88:CTP,62986.0,-10
31.995,2018-12-12 13:45:00,509,3166.2,2018-12-13 11:00:00,511,3232.8,-707.9950000000036,10.0,IF88:CTP,63990.0,-10
32.182,2018-12-13 11:00:00,512,3232.8,2018-12-14 10:00:00,513,3203.6,-334.18200000000274,10.0,IF88:CTP,64364.0,10
31.175,2018-12-18 14:00:00,514,3114.8,2018-12-19 13:15:00,515,3120.2,-95.17499999999636,10.0,IF88:CTP,62350.0,-10
30.733,2018-12-20 10:15:00,516,3078.6,2018-12-21 09:30:00,517,3068.0,65.26699999999909,10.0,IF88:CTP,61466.0,-10
30.042,2018-12-25 10:00:00,518,2985.8,2018-12-26 10:00:00,519,3022.6,-408.0419999999973,10.0,IF88:CTP,60084.0,-10
30.212,2018-12-27 10:45:00,520,3027.2,2018-12-28 13:45:00,521,3015.2,79.788,10.0,IF88:CTP,60424.0,-10
29.782,2019-01-02 10:15:00,522,2972.6,2019-01-03 10:00:00,523,2983.8,-151.78200000000274,10.0,IF88:CTP,59564.0,-10
30.75,2019-01-09 09:45:00,524,3075.2,2019-01-10 10:00:00,525,3074.8,-44.74999999999636,10.0,IF88:CTP,61500.0,10
30.771,2019-01-11 10:30:00,526,3081.2,2019-01-14 13:15:00,527,3073.0,-122.77099999999818,10.0,IF88:CTP,61542.0,10
31.060000000000002,2019-01-15 11:00:00,528,3091.0,2019-01-16 13:15:00,529,3121.0,258.94,10.0,IF88:CTP,62120.0,10
31.546000000000003,2019-01-17 14:30:00,530,3121.4,2019-01-21 13:30:00,531,3187.8,622.4540000000009,10.0,IF88:CTP,63092.00000000001,10
31.811,2019-01-23 10:30:00,532,3162.2,2019-01-25 14:30:00,533,3200.0,336.18900000000184,10.0,IF88:CTP,63622.0,10
31.933,2019-01-29 14:00:00,534,3192.6,2019-01-31 10:00:00,535,3194.0,-27.93299999999909,10.0,IF88:CTP,63866.0,10
32.646,2019-02-01 11:00:00,536,3230.4,2019-02-11 14:30:00,537,3298.8,641.354000000001,10.0,IF88:CTP,65292.00000000001,10
33.894,2019-02-13 13:30:00,538,3370.2,2019-02-14 13:30:00,539,3408.6,340.1060000000009,10.0,IF88:CTP,67788.0,10
34.178,2019-02-18 10:15:00,540,3401.4,2019-02-19 13:15:00,541,3434.2,283.8219999999973,10.0,IF88:CTP,68356.0,10
34.417,2019-02-21 09:30:00,542,3447.8,2019-02-22 10:15:00,543,3435.6,-166.41700000000273,10.0,IF88:CTP,68834.0,10
36.563,2019-02-22 14:30:00,544,3514.4,2019-02-25 14:58:00,LastDay,3798.2,2791.436999999997,10.0,IF88:CTP,73126.0,10
